title,real_title,href,date
盗墓笔记1七星鲁王宫,七星鲁王 第一章 血尸,[],2012-5-19 3:3:52
盗墓笔记1七星鲁王宫,七星鲁王 第二章 五十年后,[],2012-5-19 3:5:22
盗墓笔记1七星鲁王宫,七星鲁王 第三章 瓜子庙,[],2012-5-19 3:6:15
盗墓笔记1七星鲁王宫,七星鲁王 第四章 尸洞,[],2012-5-19 3:30:57
盗墓笔记1七星鲁王宫,七星鲁王 第五章 水影,[],2012-5-19 4:52:12
盗墓笔记1七星鲁王宫,七星鲁王 第六章 积尸地,[],2012-5-19 4:53:14
盗墓笔记1七星鲁王宫,七星鲁王 第七章 一百多个人头,[],2012-5-22 14:42:52
盗墓笔记1七星鲁王宫,七星鲁王 第八章 山谷,[],2012-5-22 14:43:24
盗墓笔记1七星鲁王宫,七星鲁王 第九章 古墓,[],2012-5-22 14:44:0
盗墓笔记1七星鲁王宫,七星鲁王 第十章 影子,[],2012-5-22 14:44:35
盗墓笔记1七星鲁王宫,七星鲁王 第十一章 七星棺,[],2012-5-22 14:45:8
盗墓笔记1七星鲁王宫,七星鲁王 第十二章 门,[],2012-5-22 14:45:44
盗墓笔记1七星鲁王宫,七星鲁王 第十三章 02200059,[],2012-5-22 14:46:15
盗墓笔记1七星鲁王宫,七星鲁王 第十四章 闷油瓶,[],2012-5-22 14:47:26
盗墓笔记1七星鲁王宫,七星鲁王 第十五章 屁,[],2012-5-22 14:47:55
盗墓笔记1七星鲁王宫,七星鲁王 第十六章 小手,[],2012-5-22 14:48:32
盗墓笔记1七星鲁王宫,七星鲁王 第十七章 洞,[],2012-5-22 14:49:5
盗墓笔记1七星鲁王宫,七星鲁王 第十八章 大树,[],2012-5-22 14:49:59
盗墓笔记1七星鲁王宫,七星鲁王 第十九章 女尸,[],2012-5-22 14:50:30
盗墓笔记1七星鲁王宫,七星鲁王 第二十章 钥匙,[],2012-5-22 14:50:52
盗墓笔记1七星鲁王宫,七星鲁王 第二十一章 青眼狐尸,[],2012-5-22 14:51:25
盗墓笔记1七星鲁王宫,七星鲁王 第二十二章 八重宝函,[],2012-5-22 14:52:4
盗墓笔记1七星鲁王宫,七星鲁王 第二十三章 棺椁,[],2012-5-22 14:52:51
盗墓笔记1七星鲁王宫,七星鲁王 第二十四章 活尸,[],2012-5-22 14:54:31
盗墓笔记1七星鲁王宫,七星鲁王 第二十五章 玉俑,[],2012-5-22 14:54:54
盗墓笔记1七星鲁王宫,七星鲁王 第二十六章 紫玉匣子,[],2012-5-22 14:55:47
盗墓笔记1七星鲁王宫,七星鲁王 第二十七章 谎言,[],2012-5-22 14:56:22
盗墓笔记1七星鲁王宫,七星鲁王 第二十八章 火,[],2012-5-22 14:56:49
盗墓笔记1七星鲁王宫,七星鲁王 第二十九章 紫金匣,[],2012-5-22 14:57:29
盗墓笔记1七星鲁王宫,怒海潜沙 第一章 蛇眉铜鱼,[],2012-5-22 14:58:3
盗墓笔记1七星鲁王宫,怒海潜沙 第二章 双层墓墙,[],2012-5-22 14:58:37
盗墓笔记1七星鲁王宫,怒海潜沙 第三章 大风暴,[],2012-5-22 14:59:18
盗墓笔记1七星鲁王宫,怒海潜沙 第四章 海鬼,[],2012-5-22 14:59:39
盗墓笔记1七星鲁王宫,怒海潜沙 第五章 老照片,[],2012-5-22 15:0:28
盗墓笔记1七星鲁王宫,怒海潜沙 第六章 海南,[],2012-5-22 15:0:52
盗墓笔记1七星鲁王宫,怒海潜沙 第七章 女人,[],2012-5-22 15:1:30
盗墓笔记1七星鲁王宫,怒海潜沙 第八章 变天了,[],2012-5-22 15:2:12
盗墓笔记1七星鲁王宫,怒海潜沙 第九章 鬼船,[],2012-5-22 15:2:38
盗墓笔记1七星鲁王宫,怒海潜沙 第十章 枯手,[],2012-5-22 15:3:15
盗墓笔记1七星鲁王宫,怒海潜沙 第十一章 甲板,[],2012-5-22 15:3:50
盗墓笔记1七星鲁王宫,怒海潜沙 第十二章 三叔的谎言,[],2012-5-22 15:5:29
盗墓笔记1七星鲁王宫,怒海潜沙 第十三章 海猴子,[],2012-5-22 15:5:53
盗墓笔记1七星鲁王宫,怒海潜沙 第十四章 永兴岛,[],2012-5-22 15:6:26
盗墓笔记1七星鲁王宫,怒海潜沙 第十五章 胖子,[],2012-5-22 15:7:12
盗墓笔记1七星鲁王宫,怒海潜沙 第十六章 开会,[],2012-5-22 15:7:38
盗墓笔记1七星鲁王宫,怒海潜沙 第十七章 头发,[],2012-5-22 15:8:27
盗墓笔记1七星鲁王宫,怒海潜沙 第十八章 大量头发,[],2012-5-22 15:9:0
盗墓笔记1七星鲁王宫,怒海潜沙 第十九章 大瓷罐,[],2012-5-22 15:9:38
盗墓笔记1七星鲁王宫,怒海潜沙 第二十章 甬道,[],2012-5-22 15:10:3
盗墓笔记1七星鲁王宫,怒海潜沙 第二十一章 箭,[],2012-5-22 15:10:41
盗墓笔记1七星鲁王宫,怒海潜沙 第二十二章 第一次解迷,[],2012-5-22 15:11:20
盗墓笔记1七星鲁王宫,怒海潜沙 第二十三章 继续解迷,[],2012-5-22 15:11:44
盗墓笔记1七星鲁王宫,怒海潜沙 第二十四章 开棺,[],2012-5-22 15:12:23
盗墓笔记1七星鲁王宫,怒海潜沙 第二十五章 一个人,[],2012-5-22 15:12:56
盗墓笔记1七星鲁王宫,怒海潜沙 第二十六章 瓷画,[],2012-5-22 15:13:19
盗墓笔记1七星鲁王宫,怒海潜沙 第二十七章 无题,[],2012-5-22 15:14:3
盗墓笔记1七星鲁王宫,怒海潜沙 第二十八章 继续无题,[],2012-5-22 15:14:43
盗墓笔记1七星鲁王宫,怒海潜沙 第二十九章 石碑,[],2012-5-22 15:15:13
盗墓笔记1七星鲁王宫,怒海潜沙 第三十章 池底,[],2012-5-22 15:15:47
盗墓笔记1七星鲁王宫,怒海潜沙 第三十一章 二十年前,[],2012-5-22 15:16:17
盗墓笔记1七星鲁王宫,怒海潜沙 第三十二章 奇门遁甲,[],2012-5-22 15:16:53
盗墓笔记1七星鲁王宫,怒海潜沙 第三十三章 生门,[],2012-5-22 15:17:40
盗墓笔记1七星鲁王宫,怒海潜沙 第三十四章 连环,[],2012-5-22 15:18:27
盗墓笔记1七星鲁王宫,怒海潜沙 第三十五章 血字,[],2012-5-22 15:18:53
盗墓笔记1七星鲁王宫,怒海潜沙 第三十六章 脱困,[],2012-5-22 15:19:34
盗墓笔记1七星鲁王宫,怒海潜沙 第三十七章 盗洞,[],2012-5-22 15:20:4
盗墓笔记1七星鲁王宫,怒海潜沙 第三十八章 禁婆,[],2012-5-22 15:20:28
盗墓笔记1七星鲁王宫,怒海潜沙 第三十九章 混战,[],2012-5-22 15:21:5
盗墓笔记1七星鲁王宫,怒海潜沙 第四十章 墙洞,[],2012-5-22 15:21:34
盗墓笔记1七星鲁王宫,怒海潜沙 第四十一章 珊瑚树,[],2012-5-22 15:22:8
盗墓笔记1七星鲁王宫,怒海潜沙 第四十二章 困境,[],2012-5-22 21:6:19
盗墓笔记1七星鲁王宫,怒海潜沙 第四十三章 炸弹,[],2012-5-22 21:6:59
盗墓笔记1七星鲁王宫,怒海潜沙 第四十四章 脱皮,[],2012-5-22 21:7:33
盗墓笔记1七星鲁王宫,怒海潜沙 第四十五章 脱出,[],2012-5-22 21:8:23
盗墓笔记1七星鲁王宫,怒海潜沙 第四十六章 总结,[],2012-5-22 21:8:56
盗墓笔记2秦岭神树,秦岭神树篇 第一章 老痒出狱,[],2012-5-22 21:10:2
盗墓笔记2秦岭神树,秦岭神树篇 第二章 六角铃铛,[],2012-5-22 21:10:49
盗墓笔记2秦岭神树,秦岭神树篇 第三章 跟踪,[],2012-5-22 21:11:23
盗墓笔记2秦岭神树,秦岭神树篇 第四章 继续跟踪,[],2012-5-22 21:11:57
盗墓笔记2秦岭神树,秦岭神树篇 第五章 偷听,[],2012-5-22 21:12:38
盗墓笔记2秦岭神树,秦岭神树篇 第六章 挖掘,[],2012-5-22 21:13:23
盗墓笔记2秦岭神树,秦岭神树篇 第七章 夹子沟,[],2012-5-22 21:13:53
盗墓笔记2秦岭神树,秦岭神树篇 第八章 猴子,[],2012-5-22 21:14:25
盗墓笔记2秦岭神树,秦岭神树篇 第九章 石人,[],2012-5-22 21:15:3
盗墓笔记2秦岭神树,秦岭神树篇 第十章 哲罗鲑,[],2012-5-22 21:15:37
盗墓笔记2秦岭神树,秦岭神树篇 第十一章 人头,[],2012-5-22 21:16:25
盗墓笔记2秦岭神树,秦岭神树篇 第十二章 地下河,[],2012-5-22 21:17:0
盗墓笔记2秦岭神树,秦岭神树篇 第十三章 黄泉的瀑布,[],2012-5-22 21:17:45
盗墓笔记2秦岭神树,秦岭神树篇 第十四章 深潭,[],2012-5-22 21:18:22
盗墓笔记2秦岭神树,秦岭神树篇 第十五章 休息,[],2012-5-22 21:19:12
盗墓笔记2秦岭神树,秦岭神树篇 第十六章 爬,[],2012-5-22 21:48:30
盗墓笔记2秦岭神树,秦岭神树篇 第十七章 尸阵,[],2012-5-22 21:49:16
盗墓笔记2秦岭神树,秦岭神树篇 第十八章 鬼吹灯,[],2012-5-22 21:50:4
盗墓笔记2秦岭神树,秦岭神树篇 第十九章 骨头的故事,[],2012-5-22 21:50:53
盗墓笔记2秦岭神树,秦岭神树篇 第二十章 火龙阵,[],2012-5-22 21:51:50
盗墓笔记2秦岭神树,秦岭神树篇 第二十一章 秦岭神树,[],2012-5-22 21:52:53
盗墓笔记2秦岭神树,秦岭神树篇 第二十二章 继续爬,[],2012-5-22 21:53:41
盗墓笔记2秦岭神树,秦岭神树篇 第二十三章 裂痕,[],2012-5-22 21:54:24
盗墓笔记2秦岭神树,秦岭神树篇 第二十四章 摔死,[],2012-5-22 21:55:7
盗墓笔记2秦岭神树,秦岭神树篇 第二十五章 祭祀,[],2012-5-22 21:55:55
盗墓笔记2秦岭神树,秦岭神树篇 第二十六章 螭蛊,[],2012-5-22 21:56:56
盗墓笔记2秦岭神树,秦岭神树篇 第二十七章 凌空,[],2012-5-22 21:58:29
盗墓笔记2秦岭神树,秦岭神树篇 第二十八章 麒麟竭,[],2012-5-22 21:59:35
盗墓笔记2秦岭神树,秦岭神树篇 第二十九章 逼近,[],2012-5-22 22:0:53
盗墓笔记2秦岭神树,秦岭神树篇 第三十章 老套路,[],2012-5-22 22:1:42
盗墓笔记2秦岭神树,秦岭神树篇 第三十一章 鬼雾,[],2012-5-22 22:2:54
盗墓笔记2秦岭神树,秦岭神树篇 第三十二章 偷袭,[],2012-5-22 22:3:53
盗墓笔记2秦岭神树,秦岭神树篇 第三十三章 和解,[],2012-5-22 22:5:13
盗墓笔记2秦岭神树,秦岭神树篇 第三十四章 大胆假设，小心求证,[],2012-5-22 22:6:31
盗墓笔记2秦岭神树,秦岭神树篇 第三十五章 失控,[],2012-5-22 22:7:23
盗墓笔记2秦岭神树,秦岭神树篇 第三十六章 坍塌,[],2012-5-22 22:8:59
盗墓笔记2秦岭神树,秦岭神树篇 第三十七章 日记,[],2012-5-22 22:10:1
盗墓笔记2秦岭神树,秦岭神树篇 第三十八章 真像,[],2012-5-22 22:10:44
盗墓笔记2秦岭神树,秦岭神树篇 第三十九章 烛九阴,[],2012-5-22 22:12:0
盗墓笔记2秦岭神树,秦岭神树篇 第四十章 脱出,[],2012-5-22 22:12:43
盗墓笔记2秦岭神树,云顶天宫（上） 第一章 新的消息,[],2012-5-22 22:13:10
盗墓笔记2秦岭神树,云顶天宫（上） 第二章 二００七年第一炮,[],2012-5-22 22:13:53
盗墓笔记2秦岭神树,云顶天宫（上） 第三章 镜儿宫,[],2012-5-22 22:14:58
盗墓笔记2秦岭神树,云顶天宫（上） 第四章 多了一个,[],2012-5-22 22:15:52
盗墓笔记2秦岭神树,云顶天宫（上） 第五章 最初的迷题,[],2012-5-22 22:16:49
盗墓笔记2秦岭神树,云顶天宫（上） 第六章 简单答案,[],2012-5-22 22:17:42
盗墓笔记2秦岭神树,云顶天宫（上） 第七章 潘子,[],2012-5-22 22:21:25
盗墓笔记2秦岭神树,云顶天宫（上） 第八章 新的团伙,[],2012-5-22 22:22:15
盗墓笔记2秦岭神树,云顶天宫（上） 第九章 九龙抬尸,[],2012-5-22 22:25:59
盗墓笔记2秦岭神树,云顶天宫（上） 第十章 营山村,[],2012-5-22 22:27:15
盗墓笔记2秦岭神树,云顶天宫（上） 第十一章 困境,[],2012-5-22 22:28:26
盗墓笔记2秦岭神树,云顶天宫（上） 第十二章 百足龙,[],2012-5-22 22:29:31
盗墓笔记2秦岭神树,云顶天宫（上） 第十三章 缝隙（上）,[],2012-5-22 22:30:37
盗墓笔记2秦岭神树,云顶天宫（上） 第十四章 缝隙（下）,[],2012-5-22 22:31:44
盗墓笔记2秦岭神树,云顶天宫（上） 第十五章 双层壁画,[],2012-5-22 22:33:13
盗墓笔记3云顶天宫,云顶天宫（下） 第一章 五圣雪山,[],2012-5-22 22:34:12
盗墓笔记3云顶天宫,云顶天宫（下） 第二章 自杀行为,[],2012-5-22 22:35:27
盗墓笔记3云顶天宫,云顶天宫（下） 第三章 雪崩,[],2012-5-22 22:36:45
盗墓笔记3云顶天宫,云顶天宫（下） 第四章 昆仑胎,[],2012-5-22 22:37:46
盗墓笔记3云顶天宫,云顶天宫（下） 第五章 胎洞灵宫,[],2012-5-22 22:38:48
盗墓笔记3云顶天宫,云顶天宫（下） 第六章 灵宫大殿,[],2012-5-22 22:42:49
盗墓笔记3云顶天宫,云顶天宫（下） 第七章 博弈,[],2012-5-22 22:43:55
盗墓笔记3云顶天宫,云顶天宫（下） 第八章 骚动,[],2012-5-22 22:44:42
盗墓笔记3云顶天宫,云顶天宫（下） 第九章 墙串子,[],2012-5-22 22:45:28
盗墓笔记3云顶天宫,云顶天宫（下） 第十章 百足龙神,[],2012-5-22 22:46:21
盗墓笔记3云顶天宫,云顶天宫（下） 第十一章 夹层,[],2012-5-22 22:47:19
盗墓笔记3云顶天宫,云顶天宫（下） 第十二章 藏尸阁,[],2012-5-22 22:48:13
盗墓笔记4蛇沼鬼城,蛇沼鬼城（上） 第九章 录像带,[],2012-5-22 23:20:9
盗墓笔记4蛇沼鬼城,蛇沼鬼城（上） 第十章 裘德考,[],2012-5-22 23:20:50
盗墓笔记4蛇沼鬼城,蛇沼鬼城（上） 第十一章 青铜的丹炉,[],2012-5-22 23:21:20
盗墓笔记4蛇沼鬼城,蛇沼鬼城（上） 第十二章 星盘,[],2012-5-22 23:21:48
盗墓笔记4蛇沼鬼城,蛇沼鬼城（上） 第十三章 西沙的真相,[],2012-5-22 23:29:8
盗墓笔记4蛇沼鬼城,蛇沼鬼城（上） 第十四章 深海,[],2012-5-22 23:29:42
盗墓笔记4蛇沼鬼城,蛇沼鬼城（上） 第十五章 浮尸,[],2012-5-22 23:30:20
盗墓笔记4蛇沼鬼城,蛇沼鬼城（上） 第十六章 沉船,[],2012-5-22 23:31:0
盗墓笔记4蛇沼鬼城,蛇沼鬼城（上） 第十七章 哨子棺,[],2012-5-22 23:31:29
盗墓笔记4蛇沼鬼城,蛇沼鬼城（上） 第十八章 尿,[],2012-5-22 23:32:13
盗墓笔记4蛇沼鬼城,蛇沼鬼城（上） 第十九章 机关,[],2012-5-22 23:32:47
盗墓笔记4蛇沼鬼城,蛇沼鬼城（上） 第二十章 虫脑,[],2012-5-22 23:33:39
盗墓笔记5谜海归巢,蛇沼鬼城（下） 第一章 追击,[],2012-5-23 15:21:20
盗墓笔记5谜海归巢,蛇沼鬼城（下） 第二章 消失了,[],2012-5-23 15:21:53
盗墓笔记5谜海归巢,蛇沼鬼城（下） 第三章 信号烟,[],2012-5-23 15:22:59
盗墓笔记5谜海归巢,蛇沼鬼城（下） 第四章 无声的山谷,[],2012-5-23 15:23:28
盗墓笔记5谜海归巢,蛇沼鬼城（下） 第五章 石像,[],2012-5-23 15:24:26
盗墓笔记5谜海归巢,蛇沼鬼城（下） 第六章 石像的朝向,[],2012-5-23 15:25:4
盗墓笔记5谜海归巢,蛇沼鬼城（下） 第七章 破裂,[],2012-5-23 15:25:33
盗墓笔记5谜海归巢,蛇沼鬼城（下） 第八章 第一夜：大雾,[],2012-5-23 15:26:6
盗墓笔记5谜海归巢,蛇沼鬼城（下） 第九章 第一夜：手链,[],2012-5-23 15:26:37
盗墓笔记5谜海归巢,蛇沼鬼城（下） 第十章 第一夜：丛林鬼声,[],2012-5-23 15:27:6
盗墓笔记5谜海归巢,蛇沼鬼城（下） 第十一章 第一夜：逼近,[],2012-5-23 15:27:41
盗墓笔记5谜海归巢,蛇沼鬼城（下） 第十二章 第一夜：偷袭,[],2012-5-23 15:28:8
盗墓笔记6阴山古楼,阴山古楼 第一章 起源,[],2012-5-23 16:34:33
盗墓笔记6阴山古楼,阴山古楼 第二章 古怪的村子,[],2012-5-23 16:35:38
盗墓笔记6阴山古楼,阴山古楼 第三章 火灾,[],2012-5-23 16:36:28
盗墓笔记6阴山古楼,阴山古楼 第四章 变故,[],2012-5-23 16:37:1
盗墓笔记6阴山古楼,阴山古楼 第五章 巡山,[],2012-5-23 16:37:37
盗墓笔记6阴山古楼,阴山古楼 第六章 水牛头沟,[],2012-5-23 16:38:12
盗墓笔记6阴山古楼,阴山古楼 第七章 古坟,[],2012-5-23 16:38:46
盗墓笔记6阴山古楼,阴山古楼 第八章 老头,[],2012-5-23 16:39:21
盗墓笔记6阴山古楼,阴山古楼 第九章 盘马老爹,[],2012-5-23 16:40:5
盗墓笔记6阴山古楼,阴山古楼 第十章 坐下来谈,[],2012-5-23 16:40:44
盗墓笔记6阴山古楼,阴山古楼 第十一章 味道,[],2012-5-23 16:41:17
盗墓笔记6阴山古楼,阴山古楼 第十二章 盘马的回忆,[],2012-5-23 16:41:48
盗墓笔记7邛笼石影,盗墓笔记7 第一章 拍卖,[],2012-5-23 17:57:15
盗墓笔记7邛笼石影,盗墓笔记7 第二章 霍霍霍霍（一）,[],2012-5-23 17:57:50
盗墓笔记7邛笼石影,盗墓笔记7 第二章 霍霍霍霍（二）,[],2012-5-23 17:58:18
盗墓笔记7邛笼石影,盗墓笔记7 第三章 收藏界的盛宴,[],2012-5-23 17:58:42
盗墓笔记7邛笼石影,盗墓笔记7 第四章 回忆（上）,[],2012-5-23 17:59:24
盗墓笔记7邛笼石影,盗墓笔记7 第五章 回忆（下）,[],2012-5-23 17:59:56
盗墓笔记7邛笼石影,盗墓笔记7 第六章 点天灯,[],2012-5-23 18:1:11
盗墓笔记7邛笼石影,盗墓笔记7 第七章 大闹天宫,[],2012-5-23 18:2:10
盗墓笔记7邛笼石影,盗墓笔记7 第八章 霍秀秀,[],2012-5-23 18:2:42
盗墓笔记7邛笼石影,盗墓笔记7 第九章 样式雷（上）,[],2012-5-23 18:3:32
盗墓笔记7邛笼石影,盗墓笔记7 第十章 奇怪的形容,[],2012-5-23 18:4:2
盗墓笔记7邛笼石影,盗墓笔记7 第十一章 考古队、楼和镜子,[],2012-5-23 18:4:29
盗墓笔记7邛笼石影,盗墓笔记7 第十二章 似是故人来,[],2012-5-23 18:4:59
盗墓笔记8大结局,盗墓笔记8 第一章（一）,[],2012-5-23 18:44:44
盗墓笔记8大结局,盗墓笔记8 第一章（二）,[],2012-5-23 18:45:21
盗墓笔记8大结局,盗墓笔记8 第二章（一）,[],2012-5-23 18:45:52
盗墓笔记8大结局,盗墓笔记8 第二章（二）,[],2012-5-23 18:46:16
盗墓笔记8大结局,盗墓笔记8 第三章（一）,[],2012-5-23 18:47:5
盗墓笔记8大结局,盗墓笔记8 第三章（二）,[],2012-5-23 18:47:32
盗墓笔记8大结局,盗墓笔记8 第四章（一）,[],2012-5-23 18:47:58
盗墓笔记8大结局,盗墓笔记8 第四章（二）,[],2012-5-23 18:48:58
盗墓笔记8大结局,盗墓笔记8 第五章（二）,[],2012-5-23 18:49:36
盗墓笔记8大结局,盗墓笔记8 第五章（一）,[],2012-5-23 18:50:0
盗墓笔记8大结局,盗墓笔记8 第六章（一）,[],2012-5-23 18:50:33
盗墓笔记8大结局,盗墓笔记8 第六章（二）,[],2012-5-23 18:50:58
盗墓笔记8大结局,盗墓笔记8 第七章（一）,[],2012-5-23 18:52:36
盗墓笔记8大结局,盗墓笔记8 第七章（二）,[],2012-5-23 18:53:8
盗墓笔记8大结局,盗墓笔记8 第八章（一）,[],2012-5-23 18:53:31
盗墓笔记8大结局,盗墓笔记8 第八章（二）,[],2012-5-23 18:58:22
盗墓笔记8大结局,盗墓笔记8 第九章（一）,[],2012-5-23 18:59:31
盗墓笔记8大结局,盗墓笔记8 第九章（二）,[],2012-5-23 18:59:51
盗墓笔记8大结局,盗墓笔记8 第十章（一）,[],2012-5-23 19:0:26
盗墓笔记8大结局,盗墓笔记8 第十章（二）,[],2012-5-23 19:0:52
盗墓笔记8大结局,盗墓笔记8 第十一章（一）,[],2012-5-23 19:1:19
藏海花在线试读,藏海花 第一章 起源,[],2014-10-21 12:50:36
藏海花在线试读,藏海花 第二章 第一件怪事（上）,[],2014-10-21 12:50:43
藏海花在线试读,藏海花 第三章 第一件怪事（下） ,[],2014-10-21 12:50:50
藏海花在线试读,藏海花 第四章 第二件怪事,[],2014-10-21 12:50:56
藏海花在线试读,藏海花 第五章 轮回的开端(1),[],2014-10-21 12:51:3
藏海花在线试读,藏海花 第五章 轮回的开端(2) - 盗墓笔记,[],2014-10-21 12:51:9
藏海花在线试读,藏海花 第六章 命运的重启(1) - 盗墓笔记,[],2014-10-21 12:51:15
藏海花在线试读,昆仑狼窟 第一章 失踪_盗墓笔记9在线阅读_盗墓笔记全集,[],2014-10-24 16:26:6
藏海花在线试读,昆仑狼窟 第十五章 密谈_盗墓笔记9在线阅读_盗墓笔记全集,[],2014-10-24 16:26:37
藏海花在线试读,昆仑狼窟 第十六章 袭击_盗墓笔记9在线阅读_盗墓笔记全集,[],2014-10-24 16:26:45
藏海花在线试读,无声之城 第一章 祖宅_盗墓笔记9在线阅读_盗墓笔记全集,[],2014-10-24 16:36:20
藏海花在线试读,无声之城 第二章 出逃_盗墓笔记9在线阅读_盗墓笔记全集,[],2014-10-24 16:36:27
藏海花在线试读,无声之城 第五章 张博士_盗墓笔记9在线阅读_盗墓笔记全集,[],2014-10-24 16:36:36
藏海花在线试读,巫山妖棺 第一章 接应驼队_盗墓笔记9在线阅读_盗墓笔记全集,[],2014-10-24 16:49:3
藏海花在线试读,巫山妖棺 第二章 钥匙_盗墓笔记9在线阅读_盗墓笔记全集,[],2014-10-24 16:49:12
藏海花在线试读,巫山妖棺 第三章 暗流涌动_盗墓笔记9在线阅读_盗墓笔记全集,[],2014-10-24 16:49:20
藏海花在线试读,巫山妖棺 第四章 夜探祖宅(上)_盗墓笔记9在线阅读_盗墓笔记全集,[],2014-10-24 16:49:28
藏海花在线试读,巫山妖棺 第五章 夜探祖宅(中)_盗墓笔记9在线阅读_盗墓笔记全集,[],2014-10-24 16:49:37
藏海花在线试读,盗墓笔记9大结局 第二章,[],2014-10-24 17:1:37
盗墓笔记 贺岁篇,南派三叔-南派三叔作品,[],2012-5-23 20:48:33
盗墓笔记 贺岁篇,盗墓笔记 贺岁篇 起源,[],2012-5-23 20:54:38
盗墓笔记 贺岁篇,盗墓笔记 贺岁篇 棺材,[],2012-5-23 20:55:48
盗墓笔记 贺岁篇,盗墓笔记 贺岁篇 往事,[],2012-5-23 20:56:23
盗墓笔记 贺岁篇,盗墓笔记 贺岁篇 移棺,[],2012-5-23 20:56:51
盗墓笔记 贺岁篇,盗墓笔记 贺岁篇 错误,[],2012-5-23 20:57:24
盗墓笔记 贺岁篇,盗墓笔记 贺岁篇 开棺,[],2012-5-23 20:57:57
盗墓笔记 贺岁篇,盗墓笔记 贺岁篇 乾坤,[],2012-5-23 20:58:23
盗墓笔记 贺岁篇,盗墓笔记 贺岁篇 里面,[],2012-5-23 20:58:54
盗墓笔记 贺岁篇,盗墓笔记 贺岁篇 黑水,[],2012-5-23 20:59:18
盗墓笔记 贺岁篇,盗墓笔记 贺岁篇 深渊,[],2012-5-23 20:59:43
盗墓笔记 贺岁篇,盗墓笔记 贺岁篇 螺蛳,[],2012-5-23 21:0:6
盗墓笔记 贺岁篇,盗墓笔记 贺岁篇 商量,[],2012-5-23 21:0:33
盗墓笔记 贺岁篇,盗墓笔记 贺岁篇 小溪,[],2012-5-23 21:1:10
盗墓笔记 贺岁篇,盗墓笔记 贺岁篇 影子,[],2012-5-23 21:1:37
盗墓笔记 贺岁篇,盗墓笔记 贺岁篇 杀杀,[],2012-5-23 21:2:7
盗墓笔记 贺岁篇,盗墓笔记 贺岁篇 窥探,[],2012-5-23 21:2:40
盗墓笔记 贺岁篇,盗墓笔记 贺岁篇 二叔,[],2012-5-23 21:4:3
盗墓笔记 贺岁篇,盗墓笔记 贺岁篇 阿琴,[],2012-5-23 21:4:37
盗墓笔记 贺岁篇,盗墓笔记 贺岁篇 传说,[],2012-5-23 21:6:11
盗墓笔记 贺岁篇,盗墓笔记 贺岁篇 石灰,[],2012-5-23 21:6:50
盗墓笔记 贺岁篇,盗墓笔记 贺岁篇 族谱,[],2012-5-23 21:7:29
盗墓笔记 贺岁篇,盗墓笔记 贺岁篇 安氏,[],2012-5-23 21:8:18
盗墓笔记 贺岁篇,盗墓笔记 贺岁篇 大雨,[],2012-5-23 21:9:35
盗墓笔记 贺岁篇,盗墓笔记 贺岁篇 物体,[],2012-5-23 21:10:15
盗墓笔记 贺岁篇,盗墓笔记 贺岁篇 死亡,[],2012-5-23 21:11:56
盗墓笔记 贺岁篇,盗墓笔记 贺岁篇 目的,[],2012-5-23 21:12:54
盗墓笔记 贺岁篇,盗墓笔记 贺岁篇 设局,[],2012-5-23 21:13:46
盗墓笔记 贺岁篇,盗墓笔记 贺岁篇 猎物,[],2012-5-23 21:14:15
盗墓笔记 贺岁篇,盗墓笔记 贺岁篇 真相,[],2012-5-23 21:14:42
盗墓笔记 贺岁篇,盗墓笔记 贺岁篇 秘密,[],2012-5-23 21:15:9
盗墓笔记 贺岁篇,盗墓笔记 贺岁篇 尾声,[],2012-5-23 21:15:35
盗墓笔记 贺岁篇,盗墓笔记 贺岁篇 后记,[],2012-5-23 21:16:9
盗墓笔记 贺岁篇,《盗墓笔记》电视剧启动 吴秀波陈坤疑将参演,[],2013-8-31 18:49:42
盗墓笔记 贺岁篇,盗墓笔记电视剧来了！胡歌演男主角,[],2013-8-31 18:51:28
盗墓笔记 贺岁篇,【最炫盗墓风】盗墓笔记X最炫民族风X爱杀宝贝ED.,[],2013-8-31 18:54:42
盗墓笔记 贺岁篇,《盗墓笔记》带你探寻云顶天宫,[],2013-8-31 19:4:40
盗墓笔记 贺岁篇,《盗墓笔记》电影版人物表,[],2013-8-31 19:10:18
盗墓笔记 贺岁篇,《盗墓笔记》中真实存在的27件奇葩物,[],2015-7-12 9:59:22
盗墓笔记 贺岁篇,古代人的“盗墓笔记”,[],2015-7-12 12:34:54
盗墓笔记 贺岁篇,《盗墓笔记》烂成渣http://seputu.com/秦岭神树,[],2015-7-25 16:41:39
盗墓笔记 贺岁篇,盗墓笔记（另类）.mp3,[],2015-12-31 18:26:5
盗墓笔记重启,盗墓笔记重启  第一章 南京储物柜,[],2017-12-12 17:33:49
盗墓笔记重启,盗墓笔记重启 ·第二章 废弃的气象站,[],2017-12-12 19:12:59
盗墓笔记重启,盗墓笔记重启 第三章 三叔的尸体,[],2017-12-12 19:14:39
盗墓笔记重启,盗墓笔记重启  第四章 雷声,[],2017-12-12 19:16:8
盗墓笔记重启,盗墓笔记重启 第五章 杨大广,[],2017-12-14 15:53:37
盗墓笔记重启,盗墓笔记重启 第六章 听雷者,[],2017-12-14 15:57:8
盗墓笔记重启,盗墓笔记全集(周建龙版） （全集 共314集）,[],2018-5-6 14:23:57
